{
  "Ανατολικής Μακεδονίας & Θράκης": {
    "region_value": "1",
    "municipalities": [
      {
        "name": "Αβδήρων",
        "value": "14"
      },
      {
        "name": "Αλεξανδρούπολης",
        "value": "15"
      },
      {
        "name": "Αρριανών",
        "value": "16"
      },
      {
        "name": "Διδυμοτείχου",
        "value": "17"
      },
      {
        "name": "Δοξάτου",
        "value": "18"
      },
      {
        "name": "Δράμας",
        "value": "19"
      },
      {
        "name": "Θάσου",
        "value": "20"
      },
      {
        "name": "Ιάσμου",
        "value": "21"
      },
      {
        "name": "Καβάλας",
        "value": "22"
      },
      {
        "name": "Κάτω Νευροκοπίου",
        "value": "23"
      },
      {
        "name": "Κομοτηνής",
        "value": "24"
      },
      {
        "name": "Μαρωνείας - Σαπών",
        "value": "25"
      },
      {
        "name": "Μύκης",
        "value": "26"
      },
      {
        "name": "Νέστου",
        "value": "27"
      },
      {
        "name": "Ξάνθης",
        "value": "28"
      },
      {
        "name": "Ορεστιάδας",
        "value": "29"
      },
      {
        "name": "Παγγαίου",
        "value": "30"
      },
      {
        "name": "Παρανεστίου",
        "value": "31"
      },
      {
        "name": "Προσοτσάνης",
        "value": "32"
      },
      {
        "name": "Σαμοθράκης",
        "value": "33"
      },
      {
        "name": "Σουφλίου",
        "value": "34"
      },
      {
        "name": "Τοπείρου",
        "value": "35"
      }
    ]
  },
  "Αττικής": {
    "region_value": "2",
    "municipalities": [
      {
        "name": "Αγίας Βαρβάρας",
        "value": "355"
      },
      {
        "name": "Αγίας Παρασκευής",
        "value": "36"
      },
      {
        "name": "Αγίου Δημητρίου",
        "value": "37"
      },
      {
        "name": "Αγίων Αναργύρων - Καματερού",
        "value": "38"
      },
      {
        "name": "Αγκιστρίου",
        "value": "39"
      },
      {
        "name": "Αθηναίων",
        "value": "40"
      },
      {
        "name": "Αιγάλεω",
        "value": "41"
      },
      {
        "name": "Αίγινας",
        "value": "42"
      },
      {
        "name": "Αλίμου",
        "value": "43"
      },
      {
        "name": "Αμαρουσίου",
        "value": "44"
      },
      {
        "name": "Ασπροπύργου",
        "value": "45"
      },
      {
        "name": "Αχαρνών",
        "value": "46"
      },
      {
        "name": "Βάρης - Βούλας - Βουλιαγμένης",
        "value": "47"
      },
      {
        "name": "Βριλησσίων",
        "value": "48"
      },
      {
        "name": "Βύρωνος",
        "value": "49"
      },
      {
        "name": "Γαλατσίου",
        "value": "50"
      },
      {
        "name": "Γλυφάδας",
        "value": "51"
      },
      {
        "name": "Δάφνης - Υμηττού",
        "value": "52"
      },
      {
        "name": "Διονύσου",
        "value": "53"
      },
      {
        "name": "Ελευσίνας",
        "value": "54"
      },
      {
        "name": "Ελληνικού - Αργυρούπολης",
        "value": "55"
      },
      {
        "name": "Ζωγράφου",
        "value": "56"
      },
      {
        "name": "Ηλιουπόλεως",
        "value": "57"
      },
      {
        "name": "Ηρακλείου",
        "value": "58"
      },
      {
        "name": "Ιλίου",
        "value": "59"
      },
      {
        "name": "Καισαριανής",
        "value": "60"
      },
      {
        "name": "Καλλιθέας",
        "value": "61"
      },
      {
        "name": "Κερατσινίου - Δραπετσώνας",
        "value": "62"
      },
      {
        "name": "Κηφισιάς",
        "value": "63"
      },
      {
        "name": "Κορυδαλλού",
        "value": "64"
      },
      {
        "name": "Κρωπίας",
        "value": "65"
      },
      {
        "name": "Κυθήρων",
        "value": "66"
      },
      {
        "name": "Λαυρεωτικής",
        "value": "67"
      },
      {
        "name": "Λυκόβρυσης - Πεύκης",
        "value": "68"
      },
      {
        "name": "Μάνδρας - Ειδυλλίας",
        "value": "69"
      },
      {
        "name": "Μαραθώνος",
        "value": "70"
      },
      {
        "name": "Μαρκοπούλου Μεσογαίας",
        "value": "71"
      },
      {
        "name": "Μεγαρέων",
        "value": "72"
      },
      {
        "name": "Μεταμορφώσεως",
        "value": "73"
      },
      {
        "name": "Μοσχάτου - Ταύρου",
        "value": "74"
      },
      {
        "name": "Νέας Ιωνίας",
        "value": "75"
      },
      {
        "name": "Νέας Σμύρνης",
        "value": "76"
      },
      {
        "name": "Νικαίας - Αγίου Ιωάννου Ρέντη",
        "value": "77"
      },
      {
        "name": "Παιανίας",
        "value": "78"
      },
      {
        "name": "Παλαιού Φαλήρου",
        "value": "79"
      },
      {
        "name": "Παλλήνης",
        "value": "80"
      },
      {
        "name": "Παπάγου - Χολαργού",
        "value": "81"
      },
      {
        "name": "Πειραιώς",
        "value": "82"
      },
      {
        "name": "Πεντέλης",
        "value": "83"
      },
      {
        "name": "Περάματος",
        "value": "84"
      },
      {
        "name": "Περιστερίου",
        "value": "85"
      },
      {
        "name": "Πετρούπολης",
        "value": "86"
      },
      {
        "name": "Πόρου",
        "value": "87"
      },
      {
        "name": "Ραφήνας - Πικερμίου",
        "value": "88"
      },
      {
        "name": "Σαλαμίνας",
        "value": "89"
      },
      {
        "name": "Σαρωνικού",
        "value": "90"
      },
      {
        "name": "Σπάτων - Αρτέμιδος",
        "value": "91"
      },
      {
        "name": "Σπετσών",
        "value": "92"
      },
      {
        "name": "Τροιζηνίας - Μεθάνων",
        "value": "93"
      },
      {
        "name": "Ύδρας",
        "value": "94"
      },
      {
        "name": "Φιλαδέλφειας - Χαλκηδόνος",
        "value": "95"
      },
      {
        "name": "Φιλοθέης - Ψυχικού",
        "value": "96"
      },
      {
        "name": "Φυλής",
        "value": "97"
      },
      {
        "name": "Χαϊδαρίου",
        "value": "98"
      },
      {
        "name": "Χαλανδρίου",
        "value": "99"
      },
      {
        "name": "Ωρωπού",
        "value": "100"
      }
    ]
  },
  "Βορείου Αιγαίου": {
    "region_value": "3",
    "municipalities": [
      {
        "name": "Αγίου Ευστρατίου",
        "value": "101"
      },
      {
        "name": "Ικαρίας",
        "value": "102"
      },
      {
        "name": "Λέσβου",
        "value": "103"
      },
      {
        "name": "Λήμνου",
        "value": "104"
      },
      {
        "name": "Οινουσσών",
        "value": "105"
      },
      {
        "name": "Σάμου",
        "value": "106"
      },
      {
        "name": "Φούρνων Κορσέων",
        "value": "107"
      },
      {
        "name": "Χίου",
        "value": "108"
      },
      {
        "name": "Ψαρών",
        "value": "109"
      }
    ]
  },
  "Δυτικής Ελλάδας": {
    "region_value": "4",
    "municipalities": [
      {
        "name": "Αγρινίου",
        "value": "110"
      },
      {
        "name": "Αιγιαλείας",
        "value": "111"
      },
      {
        "name": "Άκτιου - Βόνιτσας",
        "value": "112"
      },
      {
        "name": "Αμφιλοχίας",
        "value": "113"
      },
      {
        "name": "Ανδραβίδας - Κυλλήνης",
        "value": "114"
      },
      {
        "name": "Ανδρίτσαινας - Κρεστένων",
        "value": "115"
      },
      {
        "name": "Αρχαίας Ολυμπίας",
        "value": "116"
      },
      {
        "name": "Δυτικής Αχαΐας",
        "value": "117"
      },
      {
        "name": "Ερυμάνθου",
        "value": "118"
      },
      {
        "name": "Ζαχάρως",
        "value": "119"
      },
      {
        "name": "Ήλιδας",
        "value": "120"
      },
      {
        "name": "Θέρμου",
        "value": "121"
      },
      {
        "name": "Ιεράς Πόλης Μεσολογγίου",
        "value": "122"
      },
      {
        "name": "Καλαβρύτων",
        "value": "123"
      },
      {
        "name": "Ναυπακτίας",
        "value": "124"
      },
      {
        "name": "Ξηρομέρου",
        "value": "125"
      },
      {
        "name": "Πατρέων",
        "value": "126"
      },
      {
        "name": "Πηνειού",
        "value": "127"
      },
      {
        "name": "Πύργου",
        "value": "128"
      }
    ]
  },
  "Δυτικής Μακεδονίας": {
    "region_value": "5",
    "municipalities": [
      {
        "name": "Αμυνταίου",
        "value": "129"
      },
      {
        "name": "Άργους Ορεστικού",
        "value": "130"
      },
      {
        "name": "Βοίου",
        "value": "131"
      },
      {
        "name": "Γρεβενών",
        "value": "132"
      },
      {
        "name": "Δεσκάτης",
        "value": "133"
      },
      {
        "name": "Εορδαίας",
        "value": "134"
      },
      {
        "name": "Καστοριάς",
        "value": "135"
      },
      {
        "name": "Κοζάνης",
        "value": "136"
      },
      {
        "name": "Νεστορίου",
        "value": "137"
      },
      {
        "name": "Πρεσπών",
        "value": "138"
      },
      {
        "name": "Σερβίων - Βελβεντού",
        "value": "139"
      },
      {
        "name": "Φλώρινας",
        "value": "140"
      }
    ]
  },
  "Ηπείρου": {
    "region_value": "6",
    "municipalities": [
      {
        "name": "Αρταίων",
        "value": "141"
      },
      {
        "name": "Βορείων Τζουμέρκων",
        "value": "142"
      },
      {
        "name": "Γεωργίου Καραϊσκάκη",
        "value": "143"
      },
      {
        "name": "Δωδώνης",
        "value": "144"
      },
      {
        "name": "Ζαγορίου",
        "value": "145"
      },
      {
        "name": "Ζηρού",
        "value": "146"
      },
      {
        "name": "Ζίτσας",
        "value": "147"
      },
      {
        "name": "Ηγουμενίτσας",
        "value": "148"
      },
      {
        "name": "Ιωαννιτών",
        "value": "149"
      },
      {
        "name": "Κεντρικών Τζουμέρκων",
        "value": "150"
      },
      {
        "name": "Κόνιτσας",
        "value": "151"
      },
      {
        "name": "Μετσόβου",
        "value": "152"
      },
      {
        "name": "Νικολάου Σκουφά",
        "value": "153"
      },
      {
        "name": "Πάργας",
        "value": "154"
      },
      {
        "name": "Πρέβεζας",
        "value": "155"
      },
      {
        "name": "Πωγωνίου",
        "value": "156"
      },
      {
        "name": "Σουλίου",
        "value": "157"
      },
      {
        "name": "Φιλιατών",
        "value": "158"
      }
    ]
  },
  "Θεσσαλίας": {
    "region_value": "7",
    "municipalities": [
      {
        "name": "Αγιάς",
        "value": "159"
      },
      {
        "name": "Αλμυρού",
        "value": "160"
      },
      {
        "name": "Αλοννήσου",
        "value": "161"
      },
      {
        "name": "Αργιθέας",
        "value": "162"
      },
      {
        "name": "Βόλου",
        "value": "163"
      },
      {
        "name": "Ελασσόνας",
        "value": "164"
      },
      {
        "name": "Ζαγοράς - Μουρεσίου",
        "value": "165"
      },
      {
        "name": "Μετεώρων",
        "value": "166"
      },
      {
        "name": "Καρδίτσας",
        "value": "167"
      },
      {
        "name": "Κιλελέρ",
        "value": "168"
      },
      {
        "name": "Λαρισαίων",
        "value": "169"
      },
      {
        "name": "Λίμνης Πλαστήρα",
        "value": "170"
      },
      {
        "name": "Μουζακίου",
        "value": "171"
      },
      {
        "name": "Νοτίου Πηλίου",
        "value": "172"
      },
      {
        "name": "Παλαμά",
        "value": "173"
      },
      {
        "name": "Πύλης",
        "value": "174"
      },
      {
        "name": "Ρήγα Φερραίου",
        "value": "175"
      },
      {
        "name": "Σκιάθου",
        "value": "176"
      },
      {
        "name": "Σκοπέλου",
        "value": "177"
      },
      {
        "name": "Σοφάδων",
        "value": "178"
      },
      {
        "name": "Τρικκαίων",
        "value": "179"
      },
      {
        "name": "Τυρνάβου",
        "value": "180"
      },
      {
        "name": "Φαρκαδόνας",
        "value": "181"
      },
      {
        "name": "Φαρσάλων",
        "value": "182"
      },
      {
        "name": "Τεμπών",
        "value": "183"
      }
    ]
  },
  "Ιονίων Νήσων": {
    "region_value": "8",
    "municipalities": [
      {
        "name": "Ζακύνθου",
        "value": "184"
      },
      {
        "name": "Ιθάκης",
        "value": "185"
      },
      {
        "name": "Κέρκυρας",
        "value": "186"
      },
      {
        "name": "Κεφαλονιάς",
        "value": "187"
      },
      {
        "name": "Λευκάδος",
        "value": "188"
      },
      {
        "name": "Μεγανησίου",
        "value": "189"
      },
      {
        "name": "Παξών",
        "value": "190"
      }
    ]
  },
  "Κεντρικής Μακεδονίας": {
    "region_value": "9",
    "municipalities": [
      {
        "name": "Αλεξάνδρειας",
        "value": "191"
      },
      {
        "name": "Αλμωπίας",
        "value": "192"
      },
      {
        "name": "Αμπελοκήπων - Μενεμένης",
        "value": "193"
      },
      {
        "name": "Αμφίπολης",
        "value": "194"
      },
      {
        "name": "Αριστοτέλη",
        "value": "195"
      },
      {
        "name": "Βέροιας",
        "value": "196"
      },
      {
        "name": "Βισαλτίας",
        "value": "197"
      },
      {
        "name": "Βόλβης",
        "value": "198"
      },
      {
        "name": "Δέλτα",
        "value": "199"
      },
      {
        "name": "Δίου - Ολύμπου",
        "value": "200"
      },
      {
        "name": "Έδεσσας",
        "value": "201"
      },
      {
        "name": "Εμμανουήλ Παππά",
        "value": "202"
      },
      {
        "name": "Ηρακλείας",
        "value": "203"
      },
      {
        "name": "Ηρωικής Πόλεως Νάουσας",
        "value": "204"
      },
      {
        "name": "Θερμαϊκού",
        "value": "205"
      },
      {
        "name": "Θέρμης",
        "value": "206"
      },
      {
        "name": "Θεσσαλονίκης",
        "value": "207"
      },
      {
        "name": "Καλαμαριάς",
        "value": "208"
      },
      {
        "name": "Κασσάνδρας",
        "value": "209"
      },
      {
        "name": "Κατερίνης",
        "value": "210"
      },
      {
        "name": "Κιλκίς",
        "value": "211"
      },
      {
        "name": "Κορδελιού - Ευόσμου",
        "value": "212"
      },
      {
        "name": "Λαγκαδά",
        "value": "213"
      },
      {
        "name": "Νέαπολης - Συκεών",
        "value": "214"
      },
      {
        "name": "Νέας Ζίχνης",
        "value": "215"
      },
      {
        "name": "Νέας Προποντίδας",
        "value": "216"
      },
      {
        "name": "Παιονίας",
        "value": "217"
      },
      {
        "name": "Παύλου Μελά",
        "value": "218"
      },
      {
        "name": "Πέλλας",
        "value": "219"
      },
      {
        "name": "Πολυγύρου",
        "value": "220"
      },
      {
        "name": "Πύδνας - Κολινδρού",
        "value": "221"
      },
      {
        "name": "Πυλαίας - Χορτιάτη",
        "value": "222"
      },
      {
        "name": "Σερρών",
        "value": "223"
      },
      {
        "name": "Σιθωνίας",
        "value": "224"
      },
      {
        "name": "Σιντικής",
        "value": "225"
      },
      {
        "name": "Σκύδρας",
        "value": "226"
      },
      {
        "name": "Χαλκηδόνος",
        "value": "227"
      },
      {
        "name": "Ωραιοκάστρου",
        "value": "228"
      }
    ]
  },
  "Κρήτης": {
    "region_value": "10",
    "municipalities": [
      {
        "name": "Αγίου Βασιλείου",
        "value": "229"
      },
      {
        "name": "Αγίου Νικολάου",
        "value": "230"
      },
      {
        "name": "Αμαρίου",
        "value": "231"
      },
      {
        "name": "Ανωγείων",
        "value": "232"
      },
      {
        "name": "Αποκορώνου",
        "value": "233"
      },
      {
        "name": "Αρχανών - Αστερουσίων",
        "value": "234"
      },
      {
        "name": "Βιάννου",
        "value": "235"
      },
      {
        "name": "Γαύδου",
        "value": "236"
      },
      {
        "name": "Γόρτυνας",
        "value": "237"
      },
      {
        "name": "Ηρακλείου ΚΡΗΤΗΣ",
        "value": "238"
      },
      {
        "name": "Ιεράπετρας",
        "value": "239"
      },
      {
        "name": "Καντάνου - Σέλινου",
        "value": "240"
      },
      {
        "name": "Κισσάμου",
        "value": "241"
      },
      {
        "name": "Μαλεβιζίου",
        "value": "242"
      },
      {
        "name": "Μινώα Πεδιάδας",
        "value": "243"
      },
      {
        "name": "Μυλοποτάμου",
        "value": "244"
      },
      {
        "name": "Οροπεδίου Λασιθίου",
        "value": "245"
      },
      {
        "name": "Πλατανιά",
        "value": "246"
      },
      {
        "name": "Ρεθύμνης",
        "value": "247"
      },
      {
        "name": "Σητείας",
        "value": "248"
      },
      {
        "name": "Σφακίων",
        "value": "249"
      },
      {
        "name": "Φαιστού",
        "value": "250"
      },
      {
        "name": "Χανίων",
        "value": "251"
      },
      {
        "name": "Χερσονήσου",
        "value": "252"
      }
    ]
  },
  "Νοτίου Αιγαίου": {
    "region_value": "11",
    "municipalities": [
      {
        "name": "Αγαθονησίου",
        "value": "253"
      },
      {
        "name": "Αμοργού",
        "value": "254"
      },
      {
        "name": "Ανάφης",
        "value": "255"
      },
      {
        "name": "Άνδρου",
        "value": "256"
      },
      {
        "name": "Αντιπάρου",
        "value": "257"
      },
      {
        "name": "Αστυπάλαιας",
        "value": "258"
      },
      {
        "name": "Θήρας",
        "value": "259"
      },
      {
        "name": "Ιητών",
        "value": "260"
      },
      {
        "name": "Καλυμνίων",
        "value": "261"
      },
      {
        "name": "Καρπάθου",
        "value": "262"
      },
      {
        "name": "Κάσου",
        "value": "263"
      },
      {
        "name": "Κέας",
        "value": "264"
      },
      {
        "name": "Κιμώλου",
        "value": "265"
      },
      {
        "name": "Κύθνου",
        "value": "266"
      },
      {
        "name": "Κώ",
        "value": "267"
      },
      {
        "name": "Λειψών",
        "value": "268"
      },
      {
        "name": "Λέρου",
        "value": "269"
      },
      {
        "name": "Μεγίστης",
        "value": "270"
      },
      {
        "name": "Μήλου",
        "value": "271"
      },
      {
        "name": "Μυκόνου",
        "value": "272"
      },
      {
        "name": "Νάξου & Μικρών Κυκλάδων",
        "value": "273"
      },
      {
        "name": "Νισύρου",
        "value": "274"
      },
      {
        "name": "Πάρου",
        "value": "275"
      },
      {
        "name": "Πάτμου",
        "value": "276"
      },
      {
        "name": "Ρόδου",
        "value": "277"
      },
      {
        "name": "Σερίφου",
        "value": "278"
      },
      {
        "name": "Σικίνου",
        "value": "279"
      },
      {
        "name": "Σίφνου",
        "value": "280"
      },
      {
        "name": "Σύμης",
        "value": "281"
      },
      {
        "name": "Σύρου - Ερμούπολης",
        "value": "282"
      },
      {
        "name": "Τήλου",
        "value": "283"
      },
      {
        "name": "Τήνου",
        "value": "284"
      },
      {
        "name": "Φολεγάνδρου",
        "value": "285"
      },
      {
        "name": "Χάλκης",
        "value": "286"
      }
    ]
  },
  "Πελοποννήσου": {
    "region_value": "12",
    "municipalities": [
      {
        "name": "Ανατολικής Μάνης",
        "value": "287"
      },
      {
        "name": "Άργους - Μυκηνών",
        "value": "288"
      },
      {
        "name": "Βέλου - Βόχας",
        "value": "289"
      },
      {
        "name": "Βόρειας Κυνουρίας",
        "value": "290"
      },
      {
        "name": "Γόρτυνος",
        "value": "291"
      },
      {
        "name": "Δυτικής Μάνης",
        "value": "292"
      },
      {
        "name": "Ελαφονήσου",
        "value": "293"
      },
      {
        "name": "Επιδαύρου",
        "value": "294"
      },
      {
        "name": "Ερμιονίδας",
        "value": "295"
      },
      {
        "name": "Ευρώτα",
        "value": "296"
      },
      {
        "name": "Καλαμάτας",
        "value": "297"
      },
      {
        "name": "Κορινθίων",
        "value": "298"
      },
      {
        "name": "Λουτρακίου - Περαχώρας - Αγ. Θεοδώρων",
        "value": "299"
      },
      {
        "name": "Μεγαλόπολης",
        "value": "300"
      },
      {
        "name": "Μεσσήνης",
        "value": "301"
      },
      {
        "name": "Μονεμβασίας",
        "value": "302"
      },
      {
        "name": "Ναυπλιέων",
        "value": "303"
      },
      {
        "name": "Νεμέας",
        "value": "304"
      },
      {
        "name": "Νότιας Κυνουρίας",
        "value": "305"
      },
      {
        "name": "Ξυλοκάστρου - Ευρωστίνης",
        "value": "306"
      },
      {
        "name": "Οιχαλίας",
        "value": "307"
      },
      {
        "name": "Πύλου - Νέστορος",
        "value": "308"
      },
      {
        "name": "Σικυωνίων",
        "value": "309"
      },
      {
        "name": "Σπάρτης",
        "value": "310"
      },
      {
        "name": "Τρίπολης",
        "value": "311"
      },
      {
        "name": "Τριφυλίας",
        "value": "312"
      }
    ]
  },
  "Στερεάς Ελλάδας": {
    "region_value": "13",
    "municipalities": [
      {
        "name": "Αγράφων",
        "value": "313"
      },
      {
        "name": "Αλιάρτου - Θεσπιέων",
        "value": "314"
      },
      {
        "name": "Αμφίκλειας - Ελάτειας",
        "value": "315"
      },
      {
        "name": "Δελφών",
        "value": "316"
      },
      {
        "name": "Διρφύων - Μεσσαπίων",
        "value": "317"
      },
      {
        "name": "Διστόμου-Αράχοβας - Αντίκυρας",
        "value": "318"
      },
      {
        "name": "Δομοκού",
        "value": "319"
      },
      {
        "name": "Δωρίδος",
        "value": "320"
      },
      {
        "name": "Ερέτριας",
        "value": "321"
      },
      {
        "name": "Θηβαίων",
        "value": "322"
      },
      {
        "name": "Ιστιαίας - Αιδηψού",
        "value": "323"
      },
      {
        "name": "Καρπενησίου",
        "value": "324"
      },
      {
        "name": "Καρύστου",
        "value": "325"
      },
      {
        "name": "Κύμης - Αλιβερίου",
        "value": "326"
      },
      {
        "name": "Λαμιέων",
        "value": "327"
      },
      {
        "name": "Λεβαδέων",
        "value": "328"
      },
      {
        "name": "Λοκρών",
        "value": "329"
      },
      {
        "name": "Μακρακώμης",
        "value": "330"
      },
      {
        "name": "Μαντουδίου - Λίμνης - Αγίας Άννας",
        "value": "331"
      },
      {
        "name": "Καμένων Βούρλων",
        "value": "332"
      },
      {
        "name": "Ορχομενού",
        "value": "333"
      },
      {
        "name": "Σκύρου",
        "value": "334"
      },
      {
        "name": "Στυλίδος",
        "value": "335"
      },
      {
        "name": "Τανάγρας",
        "value": "336"
      },
      {
        "name": "Χαλκιδέων",
        "value": "337"
      }
    ]
  }
}